,,,,,,,,,
,Pillow ID,Player,League CSV,Ranked CSV,Tracker,Ballchasing,MLE Ballchasing,UR Ballchasing,
,101,ImaJynn,Yutt,Yutt,ImaJynnジ's Rocket League Overview Stats - Rocket League Tracker,Replays list (Rocket League® replays 3D viewer/statistics generator),Replays list (Rocket League® replays 3D viewer/statistics generator),,
,102,Quilli,Yutt,Yutt,Quilli2798's Rocket League Skill Rating - Rocket League Tracker,Replays list (Rocket League® replays 3D viewer/statistics generator),Replays list (Rocket League® replays 3D viewer/statistics generator),,
,103,Forgotten,Yutt,Yutt,https://rocketleague.tracker.network/rocket-league/profile/epic/Forgotten003/overview,Replays list (Rocket League® replays 3D viewer/statistics generator),,Replays list (Rocket League® replays 3D viewer/statistics generator),
,104,Justin,Yutt,Yutt,https://rocketleague.tracker.network/rocket-league/profile/epic/justin100004/mmr?playlist=11,Replays list (Rocket League® replays 3D viewer/statistics generator),Replays list (Rocket League® replays 3D viewer/statistics generator),,
,105,JesseHowell,Yutt,Yutt,Jessehowell2003's Rocket League Overview Stats - Rocket League Tracker,https://ballchasing.com/?player-name=Epic%3a027f5706bcde4fb9a9673623c5fa34f2,,Replays list (Rocket League® replays 3D viewer/statistics generator),
,106,Sparta1667,Yutt,Yutt,Spartadude's Rocket League Overview Stats - Rocket League Tracker,Replays list (Rocket League® replays 3D viewer/statistics generator),,Replays list (Rocket League® replays 3D viewer/statistics generator),
,107,Lewacky,Yutt,Yutt,https://rocketleague.tracker.network/rocket-league/profile/steam/76561198876375689/mmr?playlist=11,Replays list (Rocket League® replays 3D viewer/statistics generator),Replays list (Rocket League® replays 3D viewer/statistics generator),,
,108,YenYen,Yutt,Yutt,YenYen36's Rocket League Overview Stats - Rocket League Tracker,Replays list (Rocket League® replays 3D viewer/statistics generator),Replays list (Rocket League® replays 3D viewer/statistics generator),,
,109,GR4YBU5H,Yutt,Yutt,,Replays list (Rocket League® replays 3D viewer/statistics generator),Replays list (Rocket League® replays 3D viewer/statistics generator),,
,110,DubiousDugger,Yutt,Yutt,https://rocketleague.tracker.network/rocket-league/profile/epic/DubiousDugger/mmr?playlist=11,https://ballchasing.com/group/dugger-tc58u62iti,Replays list (Rocket League® replays 3D viewer/statistics generator),,
,111,Kicker,Yutt,Yutt,https://rocketleague.tracker.network/rocket-league/profile/epic/K1cker_1,Replays list (Rocket League® replays 3D viewer/statistics generator),Replays list (Rocket League® replays 3D viewer/statistics generator),,
,112,HotxGrandma,Yutt,Yutt,HotxGrandma's Rocket League Overview Stats - Rocket League Tracker,Replays list (Rocket League® replays 3D viewer/statistics generator),,Replays list (Rocket League® replays 3D viewer/statistics generator),
,113,Guyapino,Yutt,Yutt,Guyapino's Rocket League Overview Stats - Rocket League Tracker,Replays list (Rocket League® replays 3D viewer/statistics generator),Replays list (Rocket League® replays 3D viewer/statistics generator),,
,114,Knight Doc Wolfe,Yutt,Yutt,Knight Doc Wolfe's Rocket League Overview Stats - Rocket League Tracker,https://ballchasing.com/?player-name=Steam%3a76561198054968279,Replays list (Rocket League® replays 3D viewer/statistics generator),Replays list (Rocket League® replays 3D viewer/statistics generator),
,115,Glitch,Yutt,Yutt,https://rocketleague.tracker.network/rocket-league/profile/xbl/TBS%20Bot7980/overview,Replays list (Rocket League® replays 3D viewer/statistics generator),Replays list (Rocket League® replays 3D viewer/statistics generator),,
,116,Mercury,Yutt,Yutt,https://rocketleague.tracker.network/rocket-league/profile/psn/vcwmercury/mmr?playlist=11,https://ballchasing.com/group/mercury-reseivkcgy,Replays list (Rocket League® replays 3D viewer/statistics generator),Replays list (Rocket League® replays 3D viewer/statistics generator),
,117,CrucialUrchin,Yutt,Yutt,CrucialUrchin98's Rocket League Overview Stats - Rocket League Tracker,Replays list (Rocket League® replays 3D viewer/statistics generator),,Replays list (Rocket League® replays 3D viewer/statistics generator),
,118,Phantom_RL,Yutt,Yutt,STG F3AR's Rocket League Overview Stats - Rocket League Tracker,Replays list (Rocket League® replays 3D viewer/statistics generator),,,
,119,JohnMcVegan,Yutt,Yutt,JohnMcVegan's Rocket League Overview Stats - Rocket League Tracker,Replays list (Rocket League® replays 3D viewer/statistics generator),Replays list (Rocket League® replays 3D viewer/statistics generator),,
,120,Chucky,Nawe,Nawe,https://rocketleague.tracker.network/rocket-league/profile/epic/Chvcklez./overview,,,,
,121,Dogerino,Nawe,Nawe,https://rocketleague.tracker.network/rocket-league/profile/steam/76561198013274058,Dogerino (Steam) player statistics page,Replays list (Rocket League® replays 3D viewer/statistics generator),Replays list (Rocket League® replays 3D viewer/statistics generator),
,122,Fen,Nawe,Nawe,Fen (~-_-)~'s Rocket League Overview Stats - Rocket League Tracker,,,,
,123,Dark Node,Nawe,Nawe,https://rocketleague.tracker.network/rocket-league/profile/epic/Dark-Node/overview,Replays list (Rocket League® replays 3D viewer/statistics generator),Replays list (Rocket League® replays 3D viewer/statistics generator),Replays list (Rocket League® replays 3D viewer/statistics generator),
,124,OmegaBlaze33,Nawe,Nawe,OmegaBlaze33's Rocket League Overview Stats - Rocket League Tracker,Replays list (Rocket League® replays 3D viewer/statistics generator),Replays list (Rocket League® replays 3D viewer/statistics generator),Replays list (Rocket League® replays 3D viewer/statistics generator),
,125,Gxxvm,Nawe,Nawe,Gxxvm (new controller)'s Rocket League Skill Rating,Replays list (Rocket League® replays 3D viewer/statistics generator),Replays list (Rocket League® replays 3D viewer/statistics generator),,
,126,LogiCC,Nawe,Nawe,CallMeLogiCC's Rocket League Skill Rating - Rocket League Tracker,Replays list (Rocket League® replays 3D viewer/statistics generator),Replays list (Rocket League® replays 3D viewer/statistics generator),Replays list (Rocket League® replays 3D viewer/statistics generator),
,127,Felixeur,Nawe,Nawe,https://rocketleague.tracker.network/rocket-league/profile/steam/76561198207066359,Replays list (Rocket League® replays 3D viewer/statistics generator),Replays list (Rocket League® replays 3D viewer/statistics generator),,
,128,Illuzionz,Nawe,Nawe,iLLuZioNz020's Rocket League Overview Stats - Rocket League Tracker,Replays list (Rocket League® replays 3D viewer/statistics generator),Replays list (Rocket League® replays 3D viewer/statistics generator),,
,129,Mallow,Nawe,Nawe,Mallow's Rocket League Overview Stats - Rocket League Tracker,Replays list (Rocket League® replays 3D viewer/statistics generator),Replays list (Rocket League® replays 3D viewer/statistics generator),Replays list (Rocket League® replays 3D viewer/statistics generator),
,130,Kkube,Nawe,Nawe,https://rocketleague.tracker.network/rocket-league/profile/steam/76561198027890950/mmr?playlist=13,Replays list (Rocket League® replays 3D viewer/statistics generator),Replays list (Rocket League® replays 3D viewer/statistics generator),Replays list (Rocket League® replays 3D viewer/statistics generator),
,131,WarRat,Nawe,Nawe,WarRat's Rocket League Overview Stats - Rocket League Tracker,Replays list (Rocket League® replays 3D viewer/statistics generator),Replays list (Rocket League® replays 3D viewer/statistics generator),,
,132,Torston,Nawe,Nawe,Torston789's Rocket League Overview Stats - Rocket League Tracker,Replays list (Rocket League® replays 3D viewer/statistics generator),Replays list (Rocket League® replays 3D viewer/statistics generator),Replays list (Rocket League® replays 3D viewer/statistics generator),
,133,Rocket,Nawe,Nawe,Rocket's Rocket League Overview Stats - Rocket League Tracker,Replays list (Rocket League® replays 3D viewer/statistics generator),Replays list (Rocket League® replays 3D viewer/statistics generator),Replays list (Rocket League® replays 3D viewer/statistics generator),
,134,Lunchbox,Nawe,Nawe,https://rocketleague.tracker.network/rocket-league/profile/epic/Mp%20Lunchboxx_RL/overview,Replays list (Rocket League® replays 3D viewer/statistics generator),Replays list (Rocket League® replays 3D viewer/statistics generator),,
,135,Clean,Nawe,Nawe,https://rocketleague.tracker.network/rocket-league/profile/epic/TheMrClean./mmr?playlist=13,Replays list (Rocket League® replays 3D viewer/statistics generator),Replays list (Rocket League® replays 3D viewer/statistics generator),Replays list (Rocket League® replays 3D viewer/statistics generator),
,136,Kyozo,Nawe,Nawe,https://rocketleague.tracker.network/rocket-league/profile/steam/76561198304406962/mmr?playlist=11,Replays list (Rocket League® replays 3D viewer/statistics generator),Replays list (Rocket League® replays 3D viewer/statistics generator),,
,137,DanDaMan,Nawe,Nawe,https://rocketleague.tracker.network/rocket-league/profile/epic/Dandaman1234/overview,Replays list (Rocket League® replays 3D viewer/statistics generator),Replays list (Rocket League® replays 3D viewer/statistics generator),Replays list (Rocket League® replays 3D viewer/statistics generator),
,138,Bowen,Yutt,Nawe,Scott398's Rocket League Overview Stats - Rocket League Tracker,Replays list (Rocket League® replays 3D viewer/statistics generator),,,
,139,Yoyo,Nawe,Nawe,SlavicYoyo's Rocket League Overview Stats - Rocket League Tracker,Replays list (Rocket League® replays 3D viewer/statistics generator),Replays list (Rocket League® replays 3D viewer/statistics generator),,
,140,The Postman,Nawe,Nawe,The Postman's Rocket League Overview Stats - Rocket League Tracker,Replays list (Rocket League® replays 3D viewer/statistics generator),Replays list (Rocket League® replays 3D viewer/statistics generator),Replays list (Rocket League® replays 3D viewer/statistics generator),
,141,Obsidian Bear,Nawe,Nawe,https://rocketleague.tracker.network/rocket-league/profile/steam/76561198327338361/mmr?playlist=13,Replays list (Rocket League® replays 3D viewer/statistics generator),Replays list (Rocket League® replays 3D viewer/statistics generator),,
,142,Fenrir,Nawe,Nawe,https://rocketleague.tracker.network/rocket-league/profile/steam/76561198419272772/overview,Replays list (Rocket League® replays 3D viewer/statistics generator),Replays list (Rocket League® replays 3D viewer/statistics generator),Replays list (Rocket League® replays 3D viewer/statistics generator),
,143,Titan Polus,Nawe,Nawe,https://rocketleague.tracker.network/rocket-league/profile/epic/Titan%20Polus/mmr?playlist=13,Replays list (Rocket League® replays 3D viewer/statistics generator),Replays list (Rocket League® replays 3D viewer/statistics generator),,
,144,Royalty,Nawe,Nawe,https://rocketleague.tracker.network/rocket-league/profile/steam/76561198982862143/mmr?playlist=13,Replays list (Rocket League® replays 3D viewer/statistics generator),Replays list (Rocket League® replays 3D viewer/statistics generator),Replays list (Rocket League® replays 3D viewer/statistics generator),
,145,noName Devotion,Nawe,Nawe,RLBigBrain's Rocket League Overview Stats - Rocket League Tracker,Replays list (Rocket League® replays 3D viewer/statistics generator),Replays list (Rocket League® replays 3D viewer/statistics generator),Replays list (Rocket League® replays 3D viewer/statistics generator),
,146,BoogerBear,Nawe,Nawe,https://rocketleague.tracker.network/rocket-league/profile/epic/BoogerBear5067/mmr?playlist=11,Replays list (Rocket League® replays 3D viewer/statistics generator),Replays list (Rocket League® replays 3D viewer/statistics generator),Replays list (Rocket League® replays 3D viewer/statistics generator),
,147,SkyGuy,Nawe,Nawe,xSkyGuy17x's Rocket League Overview Stats - Rocket League Tracker,Replays list (Rocket League® replays 3D viewer/statistics generator),Replays list (Rocket League® replays 3D viewer/statistics generator),,
,148,Spongebob,Nawe,Nawe,BlueDragon8269's Rocket League Overview Stats - Rocket League Tracker,Replays list (Rocket League® replays 3D viewer/statistics generator),Replays list (Rocket League® replays 3D viewer/statistics generator),Replays list (Rocket League® replays 3D viewer/statistics generator),
,149,DrxShadow,Nawe,Nawe,DrxShadowx.'s Rocket League Overview Stats - Rocket League Tracker,Replays list (Rocket League® replays 3D viewer/statistics generator),,Replays list (Rocket League® replays 3D viewer/statistics generator),
,150,Styx,Nawe,Nawe,,BowlGod (Steam) player statistics page,,,
 ,151,CTKShadow,Nawe,Nawe,ctkshadow5's Rocket League Overview Stats - Rocket League Tracker,Replays list (Rocket League® replays 3D viewer/statistics generator),Replays list (Rocket League® replays 3D viewer/statistics generator),,
,152,Pika,Nawe,Nawe,https://rocketleague.tracker.network/rocket-league/profile/epic/p1ka-.-/mmr?playlist=13,Replays list (Rocket League® replays 3D viewer/statistics generator),Replays list (Rocket League® replays 3D viewer/statistics generator),Replays list (Rocket League® replays 3D viewer/statistics generator),
,153,Dap Dapp,Nawe,Nawe,Replays list (Rocket League® replays 3D viewer/statistics generator),Replays list (Rocket League® replays 3D viewer/statistics generator),,,
,154,Icy_Fatal99,Nawe,Nawe,Icy_fatal's Rocket League Overview Stats - Rocket League Tracker,Replays list (Rocket League® replays 3D viewer/statistics generator),Replays list (Rocket League® replays 3D viewer/statistics generator),,
,155,Lanxybaby,Nawe,Nawe,lanxybaby's Rocket League Overview Stats - Rocket League Tracker,Replays list (Rocket League® replays 3D viewer/statistics generator),Replays list (Rocket League® replays 3D viewer/statistics generator),,
,156,JonCornDog,Nawe,Nawe,JonCornDog's Rocket League Overview Stats - Rocket League Tracker,Replays list (Rocket League® replays 3D viewer/statistics generator),Replays list (Rocket League® replays 3D viewer/statistics generator),,
,157,Huggins,Yutt,Yutt,Huggins-_-'s Rocket League Overview Stats - Rocket League Tracker,,Replays list (Rocket League® replays 3D viewer/statistics generator),Replays list (Rocket League® replays 3D viewer/statistics generator),
,158,Psychotic Kid,Nawe,Nawe,https://rocketleague.tracker.network/rocket-league/profile/epic/xPsych99x/mmr?playlist=13,Replays list (Rocket League® replays 3D viewer/statistics generator),Replays list (Rocket League® replays 3D viewer/statistics generator),Replays list (Rocket League® replays 3D viewer/statistics generator),
,159,Alyssa,Nawe,Nawe,IAmAlyssaBee's Rocket League Overview Stats - Rocket League Tracker,Replays list (Rocket League® replays 3D viewer/statistics generator),Replays list (Rocket League® replays 3D viewer/statistics generator), ,
,160,SkinnyLegend,Nawe,Nawe,https://rocketleague.tracker.network/rocket-league/profile/steam/76561199076231361/mmr?playlist=11,Replays list (Rocket League® replays 3D viewer/statistics generator),Replays list (Rocket League® replays 3D viewer/statistics generator),Replays list (Rocket League® replays 3D viewer/statistics generator),
,161,Mael,Nawe,Nawe,https://rocketleague.tracker.network/rocket-league/profile/psn/Maelstrom_12/mmr?playlist=11,Replays list (Rocket League® replays 3D viewer/statistics generator),Replays list (Rocket League® replays 3D viewer/statistics generator),Replays list (Rocket League® replays 3D viewer/statistics generator),
,162,Viper Mike,Nawe,Nawe,https://rocketleague.tracker.network/rocket-league/profile/epic/Viper-Mike/mmr?playlist=13,Replays list (Rocket League® replays 3D viewer/statistics generator),Replays list (Rocket League® replays 3D viewer/statistics generator),,
,163,Bloodwolf,Nawe,Nawe,BloodwolfRL's Rocket League Overview Stats - Rocket League Tracker,Replays list (Rocket League® replays 3D viewer/statistics generator),Replays list (Rocket League® replays 3D viewer/statistics generator),Replays list (Rocket League® replays 3D viewer/statistics generator),
,164,Ka Astral,Nawe,Nawe,https://rocketleague.tracker.network/rocket-league/profile/epic/Ka_Astral/mmr?playlist=13,Replays list (Rocket League® replays 3D viewer/statistics generator),Replays list (Rocket League® replays 3D viewer/statistics generator),,
,165,West,Nawe,Nawe,Mrwest9998's Rocket League Overview Stats - Rocket League Tracker,Replays list (Rocket League® replays 3D viewer/statistics generator),Replays list (Rocket League® replays 3D viewer/statistics generator),Replays list (Rocket League® replays 3D viewer/statistics generator),
,166,MapleSyrup,Nawe,Nawe,Replays list (Rocket League® replays 3D viewer/statistics generator),Replays list (Rocket League® replays 3D viewer/statistics generator),Replays list (Rocket League® replays 3D viewer/statistics generator),Replays list (Rocket League® replays 3D viewer/statistics generator),
,167,RedemptionKing1,Nawe,Nawe,RedemptionKing1's Rocket League Stats - Rocket League Tracker,Replays list (Rocket League® replays 3D viewer/statistics generator),Replays list (Rocket League® replays 3D viewer/statistics generator),Replays list (Rocket League® replays 3D viewer/statistics generator),
,168,MrMayhem_nc,Nawe,Nawe,MrMayhem_Nc's Rocket League Stats - Rocket League Tracker,Replays list (Rocket League® replays 3D viewer/statistics generator),Replays list (Rocket League® replays 3D viewer/statistics generator),,
,169,Kriger,Nawe,Nawe,https://rocketleague.tracker.network/rocket-league/profile/xbl/KrigerSlakta/mmr?playlist=11,Replays list (Rocket League® replays 3D viewer/statistics generator),,,
,170,Dark Lotus,Nawe,Nawe,https://rocketleague.tracker.network/rocket-league/profile/psn/DevineDream6542/mmr?playlist=13,Replays list (Rocket League® replays 3D viewer/statistics generator),,,3s MMR
,171,Mazda,Nawe,Nawe,MJ4490's Rocket League Overview Stats - Rocket League Tracker,Replays list (Rocket League® replays 3D viewer/statistics generator),,,
,172,Popayes5,Yutt,Yutt,https://rocketleague.tracker.network/rocket-league/profile/epic/AfraidHalibut621,Replays list (Rocket League® replays 3D viewer/statistics generator),Replays list (Rocket League® replays 3D viewer/statistics generator),,
,173,FlashFixGaming,Nawe,Nawe,https://rocketleague.tracker.network/rocket-league/profile/steam/76561198171432129/overview,,,,
,174,ItsFlowZa,Nawe,Nawe,https://rocketleague.tracker.network/rocket-league/profile/epic/ItsFlowZa/overview,,,,
,175,Rudra,Nawe,Nawe,https://rocketleague.tracker.network/rocket-league/profile/epic/VeeraBhadraReddy/overview,,,,
,176,Ryftz,Nawe,Nawe,https://rocketleague.tracker.network/rocket-league/profile/psn/Ryftz_RL/overview,,,,
,177,Slipstream,Nawe,Nawe,slipstream_1's Rocket League Overview Stats - Rocket League Tracker,Replays list (Rocket League® replays 3D viewer/statistics generator),,,
,178,Smokie,Nawe,Nawe,Sm0kie_RL's Rocket League Overview Stats - Rocket League Tracker,,,,
,179,Tato,Nawe,Nawe,Tato's Rocket League Overview Stats - Rocket League Tracker,,,,
,180,Xythanus,Nawe,Nawe,https://rocketleague.tracker.network/rocket-league/profile/epic/KungFuTxney/overview,,,,
,181,YoureUnderfire,Nawe,Nawe,YoureUnderFire's Rocket League Overview Stats - Rocket League Tracker,,,,
,,,,,,,,,
,,,,,,,,,
,,,,,,,,,
,,,,,,,,,
,,,,,,,,,
,,,,,,,,,
,,,,,,,,,
,,,,,,,,,
,,,,,,,,,
,,,,,,,,,
,,,,,,,,,
,,,,,,,,,
,,,,,,,,,
,,,,,,,,,
,,,,,,,,,
,,,,,,,,,
,,,,,,,,,
,,,,,,,,,
,,,,,,,,,
,,,,,,,,,
,,,,,,,,,
,,,,,,,,,
,,,,,,,,,
,,,,,,,,,
,,,,,,,,,
,,,,,,,,,
,,,,,,,,,
,,,,,,,,,
,,,,,,,,,
,,,,,,,,,
,,,,,,,,,
,,,,,,,,,
,,,,,,,,,
,,,,,,,,,
,,,,,,,,,
,,,,,,,,,
,,,,,,,,,
,,,,,,,,,
,,,,,,,,,
,,,,,,,,,
,,,,,,,,,
,,,,,,,,,
,,,,,,,,,
,,,,,,,,,
,,,,,,,,,
,,,,,,,,,
,,,,,,,,,
,,,,,,,,,
,,,,,,,,,
,,,,,,,,,
,,,,,,,,,
,,,,,,,,,
,,,,,,,,,
,,,,,,,,,
,,,,,,,,,
,,,,,,,,,
,,,,,,,,,
,,,,,,,,,
,,,,,,,,,
,,,,,,,,,
,,,,,,,,,
,,,,,,,,,
,,,,,,,,,
,,,,,,,,,
,,,,,,,,,
,,,,,,,,,
,,,,,,,,,
,,,,,,,,,
,,,,,,,,,
,,,,,,,,,
,,,,,,,,,
,,,,,,,,,
,,,,,,,,,
,,,,,,,,,
,,,,,,,,,
,,,,,,,,,
,,,,,,,,,
,,,,,,,,,
,,,,,,,,,
,,,,,,,,,
,,,,,,,,,
,,,,,,,,,
,,,,,,,,,
,,,,,,,,,
,,,a,,,,,,